Model,MSE,R2
LinearRegression,0.17778227453086803,0.24112134074866898
Ridge,0.17702452920769274,0.24435584068080585
Lasso,0.17949843140967459,0.2337957801173275
