floors,eggs,bruteforce_avg_ms,naive_dp_avg_ms,optimized_dp_avg_ms,result
5,1,0.002540,0.001240,0.000920,5
10,2,0.014500,0.006480,0.000960,4
20,2,,0.019240,0.001140,6
50,2,,0.107040,0.001680,10
100,2,,0.382800,0.002340,14
200,2,,1.411960,0.003380,20
500,2,,,0.005440,32
1000,2,,,0.007480,45
5000,2,,,0.015980,100
10000,2,,,0.022520,141
100000,2,,,0.075920,447
1000000,2,,,0.251020,1414
1000,3,,,0.003800,19
10000,3,,,0.008000,40
100000,3,,,0.017300,85
1000000,3,,,0.036700,182
