floors,eggs,bruteforce_avg_ms,naive_dp_avg_ms,optimized_dp_avg_ms
10,2,0.014720,0.006600,0.001000
20,2,0.068840,0.019760,0.001320
30,2,0.087020,0.039740,0.001520
40,2,0.147840,0.068260,0.001780
50,2,0.227260,0.100840,0.001980
60,2,0.326060,0.139820,0.002180
70,2,0.445020,0.187420,0.002420
80,2,0.629460,0.246280,0.002560
90,2,0.741560,0.313320,0.002700
100,2,0.922440,0.403680,0.003300
110,2,1.118600,0.464460,0.003300
120,2,1.312420,0.581520,0.003540
