floors,eggs,bruteforce_avg_ms,naive_dp_avg_ms,optimized_dp_avg_ms,result
500,2,,,0.006803,32
1000,2,,,0.009317,45
5000,2,,,0.021710,100
10000,2,,,0.029783,141
100000,2,,,0.117640,447
1000000,2,,,0.412270,1414
1000,3,,,0.005193,19
10000,3,,,0.011557,40
100000,3,,,0.024340,85
1000000,3,,,0.079367,182
