floors,eggs,bruteforce_avg_ms,naive_dp_avg_ms,optimized_dp_avg_ms,result
5,2,0.012647,0.003523,0.000923,3
6,2,0.009370,0.004333,0.000950,3
7,2,0.010977,0.005170,0.001147,4
8,2,0.013977,0.006233,0.001147,4
9,2,0.024707,0.007517,0.001170,4
10,2,0.018997,0.008700,0.001167,4
11,2,0.025800,0.010763,0.001850,5
12,2,0.026073,0.011697,0.001383,5
