floors,eggs,bruteforce_avg_ms,naive_dp_avg_ms,optimized_dp_avg_ms
10,2,0.014020,0.006360,0.000920
20,2,0.063220,0.019400,0.001280
30,2,0.084060,0.038820,0.001500
40,2,0.142000,0.065520,0.001620
50,2,0.218480,0.100720,0.001860
60,2,0.312940,0.139940,0.001980
70,2,0.425200,0.189520,0.002240
80,2,0.589320,0.242600,0.002580
90,2,0.686700,0.304380,0.002480
100,2,0.831080,0.366960,0.002420
110,2,1.112640,0.451300,0.003480
120,2,1.255280,0.520380,0.002820
